pin_nhash_id,polygon_nhash_id,atlas_id,local_name,slab_nhash_id,donor_nhash_id,slab_name,donor_name,pin_MNI_x,pin_MNI_y,pin_MNI_z,polygon_area,polygon_volume(mm^3),MNI_x_mm,MNI_y_mm,MNI_z_mm,structure_name,structure_acronym
RI-FXDWEY874480,RI-MNMNLN400149,265297126,H18.30.002.10x.BN.003,SL-KFFCNK489015,DO-KFFC4890,H18.30.002.CX.46,H18.30.002,164,272,153,7067.5,422,16,-2,4.5,external segment of globus pallidus,GPe
RI-TTTRXS536318,RI-KEGCIJ544234,265297126,H19.30.002.10x.BL,SL-RLQJNI866689,DO-RLQJ8666,H19.30.002.CX.48,H19.30.002,151,253,96,16658,317,22.5,7.5,-24,white matter of forebrain,FWM
RI-VSWNST420173,RI-HIKEDG700313,265297126,H19.30.001.10x.Pu,SL-HBBUWX135273,DO-HBBU1352,H19.30.001.CX.48,H19.30.001,151,229,156,50565.5,842,22.5,19.5,6,white matter of forebrain,FWM
RI-MJQLPN352905,RI-XVBVWA627451,265297126,H19.30.001.10x.A19,SL-HBBUCK135253,DO-HBBU1352,H19.30.001.CX.55,H19.30.001,73,138,165,129740,1739,61.5,65,10.5,middle temporal gyrus,MTG
RI-OOOVSN362349,RI-PJJKOL338451,265297126,H19.30.001.10x.A44-A45,SL-HBBUYZ135250,DO-HBBU1352,H19.30.001.CX.44,H19.30.001,139,330,141,430983,7181,28.5,-31,-1.5,white matter of forebrain,FWM
RI-AWYZXA651477,RI-CDZAGB557516,265297126,H18.30.002.10x.ACC,SL-KFFCNU489047,DO-KFFC4890,H18.30.002.CX.44,H18.30.002,197,321,123,13526,826,-0.5,-26.5,-10.5,"cingulate gyrus, rostral (anterior) part",CgGr
RI-PLIJJO690126,RI-HJMHHI453108,265297126,H18.30.002.10x.CoA,SL-KFFCYT489056,DO-KFFC4890,H18.30.002.CX.47,H18.30.002,164,260,113,4241,259,16,4,-15.5,anterior cortical nucleus,CoA
RI-IIJLKL636616,RI-ECACCF718145,265297126,H18.30.002.10x.A23,SL-KFFCPR489021,DO-KFFC4890,H18.30.002.CX.50,H18.30.002,197,185,210,4468,273,-0.5,41.5,33,outside_brain,OUT
RI-BXZDBF698331,RI-AWBVVX506657,265297126,H18.30.002.10x.PAG,SL-KFFCKO489066,DO-KFFC4890,H18.30.002.CX.51,H18.30.002,200,200,108,8525,548,-2,34,-18,pontine tegmentum,PnTg
RI-EMLDGG381969,RI-LOPSPP319655,265297126,H18.30.002.10x.PnRF,SL-KFFCFM489091,DO-KFFC4890,H18.30.002.CX.52,H18.30.002,188,190,62,7255.5,444,4,39,-41,pontine tegmentum,PnTg
RI-BDZGII603147,RI-BBABED851655,265297126,H18.30.002.10x.CbDN.003,SL-KFFCWW489030,DO-KFFC4890,H18.30.002.CX.54,H18.30.002,152,149,79,18838,1160,22,59.5,-32.5,white matter of hindbrain,HWM
RI-XZVXVW260827,RI-CZXYBW569291,265297126,H19.30.002.CX51.M1C,SL-RLQJHH866663,DO-RLQJ8666,H19.30.002.CX.51,H19.30.002,170,165,290,52081.5,882,13,51.5,73,white matter of forebrain,FWM
RI-WTCXTA809737,RI-TQRZTZ387806,265297126,H19.30.001.CX51.MTC,SL-HBBULN135262,DO-HBBU1352,H19.30.001.CX.51,H19.30.001,65,199,113,58326.5,1058,65.5,34.5,-15.5,middle temporal gyrus,MTG
RI-LFFMKI964369,RI-YBDYWZ474626,265297126,H19.30.001.10x.A32,SL-HBBUSS135270,DO-HBBU1352,H19.30.001.CX.43,H19.30.001,170,335,174,29841.5,577,13,-33.5,15,white matter of forebrain,FWM
RI-FDEZZF607931,RI-YFXDBF111121,265297126,H18.30.002.10x.A32,SL-KFFCNU489047,DO-KFFC4890,H18.30.002.CX.44,H18.30.002,188,322,105,3428,209,4,-27,-19.5,rostral gyrus,RoG
RI-KJFHEG241050,RI-FGJIHG879897,265297126,H18.30.002.10x.Pir,SL-KFFCYT489056,DO-KFFC4890,H18.30.002.CX.47,H18.30.002,151,265,111,2793,171,22.5,1.5,-16.5,anterior amygdaloid area,AAA
RI-VRVTTT214725,RI-MPNOPP585116,265297126,H18.30.002.10x.Pul,SL-KFFCPR489021,DO-KFFC4890,H18.30.002.CX.50,H18.30.002,151,203,128,17897,1095,22.5,32.5,-8,tail of hippocampus,HiT
RI-KFHHIH611497,RI-JFDFGG463970,265297126,H18.30.002.10x.PnRF.003,SL-KFFCKO489066,DO-KFFC4890,H18.30.002.CX.51,H18.30.002,188,202,72,6425,413,4,33,-36,basilar part of pons,PnBa
RI-GJEHLD815596,RI-NOMMLM722653,265297126,H18.30.002.10x.PB,SL-KFFCFM489091,DO-KFFC4890,H18.30.002.CX.52,H18.30.002,165,181,83,6655,408,15.5,43.5,-30.5,white matter of hindbrain,HWM
RI-AWYXWV902583,RI-HDGDFG634217,265297126,H18.30.002.10x.CBV,SL-KFFCCX489028,DO-KFFC4890,H18.30.002.CX.53,H18.30.002,188,159,105,9979,652,4,54.5,-19.5,cerebellar vermis,CBV
RI-LEFJEH855428,RI-ZWEAAY224687,265297126,H18.30.002.10x.MoAN,SL-KFFCWW489030,DO-KFFC4890,H18.30.002.CX.54,H18.30.002,176,154,39,4651,286,10,57,-52.5,paravermis of cerebellum,CBPV
RI-PNMIMI826678,RI-EIGHDE979189,265297126,H19.30.002.10x.A25,SL-RLQJYW866674,DO-RLQJ8666,H19.30.002.CX.45,H19.30.002,188,303,119,3621,72,4,-17.5,-12.5,"cingulate gyrus, rostral (anterior) part",CgGr
RI-PNMIMI826678,RI-XTQQSQ891218,265297126,H19.30.002.CX45.A25,SL-RLQJYW866674,DO-RLQJ8666,H19.30.002.CX.45,H19.30.002,188,303,121,35111,706,4,-17.5,-11.5,"cingulate gyrus, rostral (anterior) part",CgGr
RI-MJKORM777772,RI-ZGCZCY788058,265297126,H19.30.002.10x.Gpe.003,SL-RLQJQV866644,DO-RLQJ8666,H19.30.002.CX.49,H19.30.002,139,219,145,20920.5,363,28.5,24.5,0.5,white matter of forebrain,FWM
RI-BBEGHC893595,RI-ZUBVVB366905,265297126,H19.30.002.10x.LP.003,SL-RLQJHH866663,DO-RLQJ8666,H19.30.002.CX.51,H19.30.002,151,207,158,20594,348,22.5,30.5,7,thalamus,THM
RI-FCBBYF169777,RI-CDCABH659802,265297126,H19.30.002.10x.Pul,SL-RLQJLL866617,DO-RLQJ8666,H19.30.002.CX.52,H19.30.002,151,201,139,1974,36,22.5,33.5,-2.5,thalamus,THM
RI-FELEGJ583624,RI-HCBHYY527538,265297126,H19.30.002.CX53.MTC,SL-RLQJMH866642,DO-RLQJ8666,H19.30.002.CX.53,H19.30.002,65,176,116,9264,149,65.5,46,-14,middle temporal gyrus,MTG
RI-HFEMKE903868,RI-IKOKII678867,265297126,H19.30.002.10x.A19,SL-RLQJZA866677,DO-RLQJ8666,H19.30.002.CX.57,H19.30.002,139,105,220,527,5,28.5,81.5,38,superior occipital gyrus,SOG
RI-QSXRXQ724530,RI-PMNKMO263442,265297126,H19.30.001.10x.S1C.003,SL-HBBUTY135243,DO-HBBU1352,H19.30.001.CX.50,H19.30.001,139,189,290,201364.5,3815,28.5,39.5,73,outside_brain,OUT
RI-UVVUQU625004,RI-DBDGFF423174,265297126,H19.30.001.CX51.PPHC,SL-HBBULN135262,DO-HBBU1352,H19.30.001.CX.51,H19.30.001,148,205,108,18832.5,341,24,31.5,-18,posterior parahippocampal gyrus,PPH
RI-TQNLOQ754504,RI-XWZWXV434038,265297126,H19.30.001.10x.A13,SL-HBBUYZ135250,DO-HBBU1352,H19.30.001.CX.44,H19.30.001,139,311,96,64638,1077,28.5,-21.5,-24,posterior intermediate orbital gyrus,POrG
RI-YQQVSS184018,RI-XFXBZD749134,265297126,H18.30.002.CX49.M1C.10x.001,SL-KFFCZT489026,DO-KFFC4890,H18.30.002.CX.49,H18.30.002,188,168,283,4786,292,4,50,69.5,precuneus,PrCun
RI-XWZATY678488,RI-JMOJLM857670,265297126,H18.30.002.10x.IC,SL-KFFCKO489066,DO-KFFC4890,H18.30.002.CX.51,H18.30.002,188,199,109,10660.5,685,4,34.5,-17.5,pontine tegmentum,PnTg
RI-NPQPQP106248,RI-OJKNLM426097,265297126,H18.30.002.10x.DTg,SL-KFFCFM489091,DO-KFFC4890,H18.30.002.CX.52,H18.30.002,170,189,67,13022,798,13,39.5,-38.5,middle cerebellar peduncle,mcp
RI-PXYYUS141403,RI-EDDABD942837,265297126,H18.30.002.10x.A19,SL-KFFCWW489030,DO-KFFC4890,H18.30.002.CX.54,H18.30.002,121,124,173,9517,586,37.5,72,14.5,inferior occipital gyrus,IOG
RI-TKPPMN978234,RI-EEYBXF240496,265297126,H19.30.002.10x.MD,SL-RLQJWW866674,DO-RLQJ8666,H19.30.002.CX.50,H19.30.002,170,227,152,8849,160,13,20.5,4,ventral posterior medial nucleus,VPM
RI-PMQNOS788200,RI-ZVTVVZ820345,265297126,H19.30.002.10x.MG,SL-RLQJHH866663,DO-RLQJ8666,H19.30.002.CX.51,H19.30.002,151,212,130,21408,362,22.5,28,-7,dorsal lateral geniculate nucleus,DLG
RI-RSMNKL143217,RI-OTURQO666653,265297126,H19.30.001.CX51.M1C,SL-HBBULN135262,DO-HBBU1352,H19.30.001.CX.51,H19.30.001,188,180,270,43740,794,4,44,63,"paracentral lobule, caudal part",PCLc
RI-JJIKFI380697,RI-PPSOPO863576,265297126,H19.30.001.10x.TF,SL-HBBUTT135271,DO-HBBU1352,H19.30.001.CX.52,H19.30.001,122,180,127,25390,406,37,44,-8.5,white matter of forebrain,FWM
RI-DDBGIZ498211,RI-WRVVQN305227,265297126,H19.30.001.CX56.V1C,SL-HBBUJC135260,DO-HBBU1352,H19.30.001.CX.56,H19.30.001,164,128,154,25794,338,16,70,5,lingual gyrus,LiG
RI-PRPQRT152089,RI-DEBXZZ779943,265297126,H19.30.001.10x.Pir,SL-HBBUVP135290,DO-HBBU1352,H19.30.001.CX.46,H19.30.001,121,270,93,115526.5,1467,37.5,-1,-25.5,white matter of forebrain,FWM
RI-RVVUTR886175,RI-ORSQWO422123,265297126,H18.30.002.10x.A46,SL-KFFCEE489085,DO-KFFC4890,H18.30.002.CX.43,H18.30.002,114,293,257,6467,387,41,-12.5,56.5,middle frontal gyrus,MFG
RI-JEFKJM652526,RI-QQIJNL193447,265297126,H18.30.002.10x.A14,SL-KFFCUB489027,DO-KFFC4890,H18.30.002.CX.45,H18.30.002,197,299,95,3547.5,216,-0.5,-15.5,-24.5,outside_brain,OUT
RI-NQOTLQ743402,RI-RNMSQR910763,265297126,H18.30.002.10x.S1C.003,SL-KFFCZT489026,DO-KFFC4890,H18.30.002.CX.49,H18.30.002,139,195,292,2914.5,178,28.5,36.5,74,postcentral gyrus,PoCG
RI-HPIPPP377293,RI-WOOTOR737243,265297126,H18.30.002.10x.A5-A7,SL-KFFCKO489066,DO-KFFC4890,H18.30.002.CX.51,H18.30.002,152,126,263,3157,203,22,71,59.5,supraparietal lobule,SPL
RI-YAXCEA296838,RI-MLKOKM241550,265297126,H18.30.002.10x.PnEN,SL-KFFCFM489091,DO-KFFC4890,H18.30.002.CX.52,H18.30.002,171,175,74,10107,619,12.5,46.5,-35,white matter of hindbrain,HWM
RI-MNMMRR105598,RI-CBZYBG915275,265297126,H18.30.002.10x.CBL,SL-KFFCCX489028,DO-KFFC4890,H18.30.002.CX.53,H18.30.002,148,172,62,3712.5,242,24,48,-41,white matter of hindbrain,HWM
RI-XWYZWU295666,RI-TUUZUU645233,265297126,H18.30.002.10x.MoSR,SL-KFFCWW489030,DO-KFFC4890,H18.30.002.CX.54,H18.30.002,188,158,37,2790.5,171,4,55,-53.5,paravermis of cerebellum,CBPV
RI-CDFFFL804624,RI-TTZTQQ189218,265297126,H19.30.002.10x.A13.001,SL-RLQJYW866674,DO-RLQJ8666,H19.30.002.CX.45,H19.30.002,148,305,96,53544,1076,24,-18.5,-24,posterior intermediate orbital gyrus,POrG
RI-AXYFEE689464,RI-ADEBZB698801,265297126,H19.30.002.10x.AON.001,SL-RLQJWR866652,DO-RLQJ8666,H19.30.002.CX.46,H19.30.002,164,288,114,5256.5,87,16,-10,-15,white matter of forebrain,FWM
RI-MMLPPT504358,RI-EKLGHN146306,265297126,H19.30.002.10x.S1C.004,SL-RLQJHH866663,DO-RLQJ8666,H19.30.002.CX.51,H19.30.002,139,188,289,269663,4566,28.5,40,72.5,outside_brain,OUT
RI-NURROO325377,RI-ADAADY474524,265297126,H19.30.002.10x.SC,SL-RLQJLL866617,DO-RLQJ8666,H19.30.002.CX.52,H19.30.002,188,210,116,1989.5,36,4,29,-14,midbrain tegmentum,MTg
RI-OTTMLL628716,RI-AYXYWY919148,265297126,H19.30.002.CX55.A7,SL-RLQJWU866623,DO-RLQJ8666,H19.30.002.CX.55,H19.30.002,172,111,262,7600.5,111,12,78.5,59,supraparietal lobule,SPL
RI-RMRNLJ552769,RI-VRMPRU452022,265297126,H19.30.002.CX56.V2,SL-RLQJWV866671,DO-RLQJ8666,H19.30.002.CX.56,H19.30.002,164,159,131,2443.5,31,16,54.5,-6.5,lingual gyrus,LiG
RI-EFHKGI270792,RI-WXRRTU188412,265297126,H19.30.002.CX57.PSC,SL-RLQJZA866677,DO-RLQJ8666,H19.30.002.CX.57,H19.30.002,164,114,202,46566,490,16,77,29,cuneus,Cun
RI-MIHLQQ354569,RI-XUOQQT789348,265297126,H19.30.001.10x.Pul,SL-HBBUTY135243,DO-HBBU1352,H19.30.001.CX.50,H19.30.001,164,204,153,583,11,16,32,4.5,pulvinar of thalamus,Pul
RI-CFJBHD262132,RI-DGECGH203813,265297126,H18.30.002.10x.A13,SL-KFFCUB489027,DO-KFFC4890,H18.30.002.CX.45,H18.30.002,164,294,93,4458,271,16,-13,-25.5,medial orbital gyrus,MOrG
RI-ECAFFE468390,RI-VRTRUY291060,265297126,H18.30.002.10x.GPi,SL-KFFCYT489056,DO-KFFC4890,H18.30.002.CX.47,H18.30.002,164,260,140,5060.5,310,16,4,-2,internal segment of globus pallidus,GPi
RI-XDYAZV139146,RI-FADBAD425333,265297126,H18.30.002.10x.MD-Re,SL-KFFCZT489026,DO-KFFC4890,H18.30.002.CX.49,H18.30.002,164,226,154,7827,478,16,21,5,ventral posterior lateral nucleus,VPL
RI-XYTWRT507459,RI-XFYFBC851471,265297126,H18.30.002.10x.A29-A30,SL-KFFCPR489021,DO-KFFC4890,H18.30.002.CX.50,H18.30.002,170,189,199,1925.5,117,13,39.5,27.5,white matter of forebrain,FWM
RI-DAXAYA796558,RI-OJKOIG793578,265297126,H19.30.002.CX45.A38,SL-RLQJYW866674,DO-RLQJ8666,H19.30.002.CX.45,H19.30.002,114,316,87,15947,320,41,-24,-28.5,temporal pole,TP
RI-TYSQYY126661,RI-YBGFYG880046,265297126,H19.30.002.10x.FI,SL-RLQJWR866652,DO-RLQJ8666,H19.30.002.CX.46,H19.30.002,139,286,117,10885,181,28.5,-9,-13.5,white matter of forebrain,FWM
RI-KIHGOO537036,RI-VWYVYU794034,265297126,H19.30.002.10x.BNST,SL-RLQJDG866647,DO-RLQJ8666,H19.30.002.CX.47,H19.30.002,164,276,146,3572,66,16,-4,1,external segment of globus pallidus,GPe
RI-KIHGOO537036,RI-ZSUVWT552906,265297126,H19.30.002.CX47.BNST,SL-RLQJDG866647,DO-RLQJ8666,H19.30.002.CX.47,H19.30.002,164,276,145,11943,223,16,-4,0.5,external segment of globus pallidus,GPe
RI-DEDAFA482427,RI-SVWWWU456266,265297126,H19.30.002.10x.LP,SL-RLQJWW866674,DO-RLQJ8666,H19.30.002.CX.50,H19.30.002,161,207,174,12235.5,221,17.5,30.5,15,body of lateral ventricle,bLV
RI-CDDFJD828854,RI-FEDGFE608166,265297126,H19.30.002.10x.Ig,SL-RLQJHH866663,DO-RLQJ8666,H19.30.002.CX.51,H19.30.002,135,205,155,3094,52,30.5,31.5,5.5,white matter of forebrain,FWM
RI-IKDMDG987483,RI-WSTVTT123933,265297126,H19.30.001.10x.BL,SL-HBBUDD135255,DO-HBBU1352,H19.30.001.CX.47,H19.30.001,151,256,107,20776,491,22.5,6,-18.5,basolateral nucleus (basal nucleus),BL
RI-DACDUV309966,RI-YQSZTU215088,265297126,H19.30.001.10x.SN,SL-HBBUWX135273,DO-HBBU1352,H19.30.001.CX.48,H19.30.001,171,247,124,10031,167,12.5,10.5,-10,midbrain tegmentum,MTg
RI-ONRTUS988923,RI-TYXTUV782046,265297126,H19.30.001.10x.VPL,SL-HBBUTY135243,DO-HBBU1352,H19.30.001.CX.50,H19.30.001,151,202,157,19985,378,22.5,33,6.5,white matter of forebrain,FWM
RI-MLONPM904083,RI-UAVZAZ301022,265297126,H19.30.001.CX45.A38,SL-HBBUPU135265,DO-HBBU1352,H19.30.001.CX.45,H19.30.001,120,299,90,115160.5,2195,38,-15.5,-27,temporal pole,TP
RI-MPOQLQ721147,RI-VVAXVU897696,265297126,H18.30.002.10x.BN.004,SL-KFFCNK489015,DO-KFFC4890,H18.30.002.CX.46,H18.30.002,164,271,195,16130,964,16,-1.5,25.5,anterior horn of lateral ventricle,aLV
RI-WVWTXU141407,RI-ORURQW253643,265297126,H18.30.002.10x.ITG,SL-KFFCZT489026,DO-KFFC4890,H18.30.002.CX.49,H18.30.002,90,237,57,1853,113,53,15.5,-43.5,outside_brain,OUT
RI-IJEJBD680187,RI-FBEKFF173395,265297126,H18.30.002.10x.A40,SL-KFFCPR489021,DO-KFFC4890,H18.30.002.CX.50,H18.30.002,62,196,188,4236,259,67,36,22,supramarginal gyrus,SMG
RI-KKHIHH685237,RI-UQRSRV185782,265297126,H19.30.002.CX46.A46,SL-RLQJWR866652,DO-RLQJ8666,H19.30.002.CX.46,H19.30.002,90,293,217,27373.5,456,53,-12.5,36.5,outside_brain,OUT
RI-RPSRTU385491,RI-YRZUVS662835,265297126,H19.30.002.10x.Pir,SL-RLQJDG866647,DO-RLQJ8666,H19.30.002.CX.47,H19.30.002,151,274,121,1268,23,22.5,-3,-11.5,white matter of forebrain,FWM
RI-IHJLMI973161,RI-NQKRKL555447,265297126,H19.30.002.10x.GPe,SL-RLQJNI866689,DO-RLQJ8666,H19.30.002.CX.48,H19.30.002,151,246,146,25552.5,487,22.5,11,1,white matter of forebrain,FWM
RI-NKQRMJ198388,RI-KIPONK193342,265297126,H19.30.002.10x.VLN.003,SL-RLQJWW866674,DO-RLQJ8666,H19.30.002.CX.50,H19.30.002,148,217,149,36958.5,669,24,25.5,2.5,thalamus,THM
RI-JNMNKR865835,RI-INNKFL119448,265297126,H19.30.002.10x.PTR,SL-RLQJHH866663,DO-RLQJ8666,H19.30.002.CX.51,H19.30.002,170,228,131,13509,228,13,20,-6.5,midbrain tegmentum,MTg
RI-AWZUWY335316,RI-BIEGFC790037,265297126,H19.30.002.10x.A29-A30,SL-RLQJLL866617,DO-RLQJ8666,H19.30.002.CX.52,H19.30.002,171,182,201,2894,53,12.5,43,28.5,white matter of forebrain,FWM
RI-TQRPOP329094,RI-AYXZVY480993,265297126,H19.30.001.10x.CMN,SL-HBBUDD135255,DO-HBBU1352,H19.30.001.CX.47,H19.30.001,164,252,115,27460.5,650,16,8,-14.5,posterior cortical nucleus,CoP
RI-LPPLQR197949,RI-KEGIII462752,265297126,H19.30.001.10x.PAG,SL-HBBUTY135243,DO-HBBU1352,H19.30.001.CX.50,H19.30.001,201,222,121,14199,269,-2.5,23,-11.5,red nucleus,RN
RI-CDKGHI632686,RI-GJIHLG219524,265297126,H19.30.001.10x.NAC,SL-HBBUPU135265,DO-HBBU1352,H19.30.001.CX.45,H19.30.001,170,290,136,28489,543,13,-11,-4,white matter of forebrain,FWM
RI-CDKGHI632686,RI-BCBFIB283867,265297126,H19.30.001.CX45.NAC,SL-HBBUPU135265,DO-HBBU1352,H19.30.001.CX.45,H19.30.001,170,294,134,16198,308,13,-13,-5,white matter of forebrain,FWM
RI-YZBZDZ804464,RI-SUXPXT679212,265297126,H19.30.001.10x.BNST,SL-HBBUVP135290,DO-HBBU1352,H19.30.001.CX.46,H19.30.001,185,272,147,24102,306,5.5,-2,1.5,bed nucleus of stria terminalis,BNST
RI-ZCEABA894893,RI-YBUTVX371610,265297126,H18.30.002.10x.V1C,SL-KFFCTU489045,DO-KFFC4890,H18.30.002.CX.55,H18.30.002,152,123,156,23382.5,1653,22,72.5,6,posterior horn of lateral ventricle,pLV
RI-MRMJIL935722,RI-RMRMSO346747,265297126,H18.30.002.10x.V2,SL-KFFCWW489030,DO-KFFC4890,H18.30.002.CX.54,H18.30.002,170,121,174,5527,340,13,73.5,15,cuneus,Cun
RI-NNKILJ295263,RI-MKIOLM219265,265297126,H19.30.002.10x.A32,SL-RLQJII866689,DO-RLQJ8666,H19.30.002.CX.43,H19.30.002,163,334,181,36785,404,16.5,-33,18.5,white matter of forebrain,FWM
RI-HLCELE815674,RI-JKIIOJ655569,265297126,H19.30.002.10x.A1C.004,SL-RLQJHH866663,DO-RLQJ8666,H19.30.002.CX.51,H19.30.002,127,198,171,65967,1117,34.5,35,13.5,white matter of forebrain,FWM
RI-BGJCAI827398,RI-XDBBAD470336,265297126,H19.30.002.10x.A7,SL-RLQJWU866623,DO-RLQJ8666,H19.30.002.CX.55,H19.30.002,164,114,247,23943,351,16,77,51.5,supraparietal lobule,SPL
RI-HDLFCI802258,RI-ZBBCFC592642,265297126,H19.30.001.10x.DGR-CA4Rpy,SL-HBBUTY135243,DO-HBBU1352,H19.30.001.CX.50,H19.30.001,139,218,119,9059.5,171,28.5,25,-12.5,body of hippocampus,HiB
RI-TOOSSV537798,RI-SOPRSW895870,265297126,H19.30.001.10x.A40,SL-HBBUTT135271,DO-HBBU1352,H19.30.001.CX.52,H19.30.001,78,147,218,27302,437,59,60.5,37,angular gyrus,AnG
RI-BAGXXX365869,RI-ZRRUYA465443,265297126,H19.30.002.10x.A44-A45,SL-RLQJIB866650,DO-RLQJ8666,H19.30.002.CX.44,H19.30.002,90,315,179,216470.5,3355,53,-23.5,17.5,white matter of forebrain,FWM
RI-KRNKOO423757,RI-JQRQML407714,265297126,H19.30.002.10x.ITG,SL-RLQJQV866644,DO-RLQJ8666,H19.30.002.CX.49,H19.30.002,121,242,51,5604.5,97,37.5,13,-46.5,outside_brain,OUT
RI-VZYVWS290177,RI-WRVAUX809709,265297126,H19.30.002.10x.A40,SL-RLQJLL866617,DO-RLQJ8666,H19.30.002.CX.52,H19.30.002,65,199,184,12744,236,65.5,34.5,20,supramarginal gyrus,SMG
RI-PROLNS612309,RI-PMTMRL593954,265297126,H19.30.001.10x.La,SL-HBBUDD135255,DO-HBBU1352,H19.30.001.CX.47,H19.30.001,148,259,108,1384,32,24,4.5,-18,basolateral nucleus (basal nucleus),BL
RI-EJCFDD764453,RI-DEDAAF382044,265297126,H19.30.001.CX55.PSC,SL-HBBUCK135253,DO-HBBU1352,H19.30.001.CX.55,H19.30.001,185,128,212,25890.5,347,5.5,70,34,precuneus,PrCun
RI-KKMLHF611733,RI-VRWWWY178689,265297126,H19.30.001.CX56.V2,SL-HBBUJC135260,DO-HBBU1352,H19.30.001.CX.56,H19.30.001,164,137,136,19740,259,16,65.5,-4,lingual gyrus,LiG
RI-XBCZXB930978,RI-ZCDFDB580786,265297126,H18.30.002.10x.AON,SL-KFFCNK489015,DO-KFFC4890,H18.30.002.CX.46,H18.30.002,164,288,115,8268,494,16,-10,-14.5,white matter of forebrain,FWM
RI-DFFGGG323417,RI-GDDEFE672207,265297126,H18.30.002.10x.VA,SL-KFFCYT489056,DO-KFFC4890,H18.30.002.CX.47,H18.30.002,164,260,167,9618,589,16,4,11.5,white matter of forebrain,FWM
RI-ABYCEY772171,RI-FHFCCI550369,265297126,H18.30.002.10x.ANC,SL-KFFCMT489071,DO-KFFC4890,H18.30.002.CX.48,H18.30.002,170,234,178,8324,507,13,17,17,ventral lateral nucleus of thalamus,VL
RI-PQXQPT575108,RI-WXYZUC966154,265297126,H19.30.002.10x.CEN,SL-RLQJNI866689,DO-RLQJ8666,H19.30.002.CX.48,H19.30.002,151,252,110,7346.5,140,22.5,8,-17,basomedial nucleus (accessory basal nucleus),BM
RI-QQMRQQ540993,RI-NLLLTU921087,265297126,H19.30.002.10x.CA2-3,SL-RLQJWW866674,DO-RLQJ8666,H19.30.002.CX.50,H19.30.002,139,218,120,6381,115,28.5,25,-12,white matter of forebrain,FWM
RI-GINJKG397102,RI-EXFDAD324450,265297126,H19.30.002.10x.Rostral DG-CA4,SL-RLQJHH866663,DO-RLQJ8666,H19.30.002.CX.51,H19.30.002,139,218,106,6389.5,108,28.5,25,-19,white matter of forebrain,FWM
RI-ABYYXW675474,RI-MONTOL870413,265297126,H19.30.001.10x.HTHso-HTHtub,SL-HBBUDD135255,DO-HBBU1352,H19.30.001.CX.47,H19.30.001,201,261,128,1287.5,30,-2.5,3.5,-8,tuberal region of HTH,HTHtub
RI-FGNJIN185358,RI-IJKDDD682451,265297126,H19.30.001.10x.Cla,SL-HBBUWX135273,DO-HBBU1352,H19.30.001.CX.48,H19.30.001,122,228,133,16266.5,271,37,20,-5.5,white matter of forebrain,FWM
RI-YDWUUC391996,RI-TMLNLQ593174,265297126,H19.30.001.10x.CM-Pf,SL-HBBUCZ135225,DO-HBBU1352,H19.30.001.CX.49,H19.30.001,164,226,147,27112,423,16,21,1.5,ventral posterior lateral nucleus,VPL
RI-TMSOOS152552,RI-SURRSU662780,265297126,H19.30.001.10x.LG,SL-HBBUTY135243,DO-HBBU1352,H19.30.001.CX.50,H19.30.001,151,218,125,12381.5,234,22.5,25,-9.5,outside_brain,OUT
RI-NNOKLJ971915,RI-BTBVVT624383,265297126,H18.30.002.10x.FI,SL-KFFCNK489015,DO-KFFC4890,H18.30.002.CX.46,H18.30.002,138,291,119,4662,278,29,-11.5,-12.5,white matter of forebrain,FWM
RI-UXZCWU608237,RI-SXQXXP795276,265297126,H18.30.002.10x.BNST,SL-KFFCYT489056,DO-KFFC4890,H18.30.002.CX.47,H18.30.002,164,272,142,5776,353,16,-2,-1,external segment of globus pallidus,GPe
RI-QIKMPM482203,RI-SWUTUV646921,265297126,H18.30.002.10x.VLN,SL-KFFCMT489071,DO-KFFC4890,H18.30.002.CX.48,H18.30.002,151,236,148,19656,1199,22.5,16,2,white matter of forebrain,FWM
RI-WYAVUS443188,RI-IEFFLD289981,265297126,H19.30.002.10x.BM.003,SL-RLQJNI866689,DO-RLQJ8666,H19.30.002.CX.48,H19.30.002,163,245,120,13770,262,16.5,11.5,-12,cerebral peduncle (crus cerebri),cpd
RI-KHMGHN488674,RI-ZAHIDZ298765,265297126,H19.30.002.CX50.MEC,SL-RLQJWW866674,DO-RLQJ8666,H19.30.002.CX.50,H19.30.002,164,227,86,7375.5,133,16,20.5,-29,outside_brain,OUT
RI-SQXRXW749932,RI-CDEFBF459548,265297126,H19.30.002.CX51.Ig,SL-RLQJHH866663,DO-RLQJ8666,H19.30.002.CX.51,H19.30.002,121,208,152,9855,166,37.5,30,4,white matter of forebrain,FWM
RI-KNOKOS708042,RI-JMLLNH491017,265297126,H19.30.001.CX47.Pu,SL-HBBUDD135255,DO-HBBU1352,H19.30.001.CX.47,H19.30.001,148,250,148,8929,211,24,9,2,external segment of globus pallidus,GPe
RI-BICCJG295829,RI-RNLOQK468035,265297126,H19.30.001.10x.A35-A36,SL-HBBUWX135273,DO-HBBU1352,H19.30.001.CX.48,H19.30.001,139,252,64,15091,251,28.5,8,-40,perirhinal gyrus ( rostral part of FuGt),PRG
RI-QYTTWQ348208,RI-KHOGGL686380,265297126,H19.30.001.CX49.MTC,SL-HBBUCZ135225,DO-HBBU1352,H19.30.001.CX.49,H19.30.001,65,221,126,35745,558,65.5,23.5,-9,middle temporal gyrus,MTG
RI-VPQMOP656902,RI-PIJLHI225609,265297126,H19.30.001.10x.CA1R-CA2R-CA3R,SL-HBBUTY135243,DO-HBBU1352,H19.30.001.CX.50,H19.30.001,139,217,118,13461.5,255,28.5,25.5,-13,body of hippocampus,HiB
RI-LPOHML579703,RI-JEKMGI148697,265297126,H19.30.001.CX46.Pu,SL-HBBUVP135290,DO-HBBU1352,H19.30.001.CX.46,H19.30.001,148,273,159,25095,318,24,-2.5,7.5,putamen,Pu
RI-DEBBBE153972,RI-CIJEEG368317,265297126,H18.30.002.10x.HTHpo,SL-KFFCYT489056,DO-KFFC4890,H18.30.002.CX.47,H18.30.002,197,263,133,8780,537,-0.5,2.5,-5.5,third ventricle,3V
RI-ZWXEEW863872,RI-CHCKFE595662,265297126,H18.30.002.10x.Idg.003,SL-KFFCMT489071,DO-KFFC4890,H18.30.002.CX.48,H18.30.002,114,225,148,4762,290,41,21.5,2,transverse temporal gyrus (Heschl's gyrus),TTG
RI-ZVVRAX548123,RI-HBIGBF886341,265297126,H19.30.002.10x.La,SL-RLQJNI866689,DO-RLQJ8666,H19.30.002.CX.48,H19.30.002,151,253,88,22349,426,22.5,7.5,-28,head of hippocampus,HiH
RI-XZXWXV131555,RI-HELJHD889177,265297126,H19.30.002.CX50.THM1.MNC,SL-RLQJWW866674,DO-RLQJ8666,H19.30.002.CX.50,H19.30.002,164,221,157,7582.5,137,16,23.5,6.5,pulvinar of thalamus,Pul
RI-SPUYRR826321,RI-ROSMMO217838,265297126,H19.30.001.CX47.BF,SL-HBBUDD135255,DO-HBBU1352,H19.30.001.CX.47,H19.30.001,164,249,137,21737,514,16,9.5,-3.5,white matter of forebrain,FWM
RI-OOQOVR608258,RI-TSSVYV819355,265297126,H19.30.001.10x.A43,SL-HBBUWX135273,DO-HBBU1352,H19.30.001.CX.48,H19.30.001,90,226,170,45297,754,53,21,13,outside_brain,OUT
RI-UOOOOR583271,RI-DWXWYX533566,265297126,H19.30.001.CX50.ITC,SL-HBBUTY135243,DO-HBBU1352,H19.30.001.CX.50,H19.30.001,90,237,65,43873,831,53,15.5,-39.5,inferior temporal gyrus,ITG
RI-USYXUQ682515,RI-XWAYDX170242,265297126,H18.30.002.10x.SI,SL-KFFCYT489056,DO-KFFC4890,H18.30.002.CX.47,H18.30.002,165,257,128,7324,448,15.5,5.5,-8,white matter of forebrain,FWM
RI-BZZDBE558505,RI-DCBBIC250302,265297126,H18.30.002.10x.HTHtub,SL-KFFCMT489071,DO-KFFC4890,H18.30.002.CX.48,H18.30.002,201,242,120,7325.5,446,-2.5,13,-12,midbrain tegmentum,MTg
RI-FFABCF667134,RI-GFDFHD761439,265297126,H19.30.002.CX48.GPe,SL-RLQJNI866689,DO-RLQJ8666,H19.30.002.CX.48,H19.30.002,160,239,157,10218,194,18,14.5,6.5,ventral lateral nucleus of thalamus,VL
RI-AXTWYR289813,RI-PQRPRQ665715,265297126,H19.30.001.CX48.Idg,SL-HBBUWX135273,DO-HBBU1352,H19.30.001.CX.48,H19.30.001,114,226,150,3938,65,41,21,3,transverse temporal gyrus (Heschl's gyrus),TTG
RI-HAGJDC228150,RI-MLOKRN252391,265297126,H18.30.002.10x.HTHso,SL-KFFCYT489056,DO-KFFC4890,H18.30.002.CX.47,H18.30.002,200,266,126,19774.5,1211,-2,1,-9,supraoptic region of HTH,HTHso
RI-IKIILJ504978,RI-DYCAWY126562,265297126,H18.30.002.10x.STG,SL-KFFCZT489026,DO-KFFC4890,H18.30.002.CX.49,H18.30.002,65,216,166,3003,183,65.5,26,11,superior temporal gyrus,STG
RI-BTWUBX209319,RI-SZSAUW677317,265297126,H19.30.002.10x.NAC,SL-RLQJWR866652,DO-RLQJ8666,H19.30.002.CX.46,H19.30.002,188,276,136,3256.5,54,4,-4,-4,bed nucleus of stria terminalis,BNST
RI-BTWUBX209319,RI-LLSRKQ567927,265297126,H19.30.002.CX46.NAC,SL-RLQJWR866652,DO-RLQJ8666,H19.30.002.CX.46,H19.30.002,188,272,137,15330,255,4,-2,-3.5,bed nucleus of stria terminalis,BNST
RI-YCWZXY910878,RI-GLEEMJ507238,265297126,H19.30.002.CX47.Pu,SL-RLQJDG866647,DO-RLQJ8666,H19.30.002.CX.47,H19.30.002,139,263,171,19188,359,28.5,2.5,13.5,putamen,Pu
RI-BXWWAA269485,RI-ILKKHH497075,265297126,H19.30.002.10x.A23,SL-RLQJLL866617,DO-RLQJ8666,H19.30.002.CX.52,H19.30.002,198,180,236,94282.5,1751,-1,44,46,precuneus,PrCun
RI-JRLLJJ587375,RI-RTPYRP517259,265297126,H19.30.001.10x.A23,SL-HBBUTT135271,DO-HBBU1352,H19.30.001.CX.52,H19.30.001,198,163,195,5344,85,-1,52.5,25.5,"cingulate gyrus, caudal (posterior) part",CgGc
RI-FFBEGA490879,RI-VATBYV218627,265297126,H19.30.001.CB62.CBL,SL-HBBUCD135228,DO-HBBU1352,H19.30.001.CB.62,H19.30.001,96,131,84,34282.5,396,50,68.5,-30,lateral hemisphere of cerebellum,CBL
RI-ACEBGJ863434,RI-HLJGPH596030,265297126,H19.30.001.CX58.V1C,SL-HBBUZT135268,DO-HBBU1352,H19.30.001.CX.58,H19.30.001,170,57,154,14352,126,13,105.5,5,occipital pole,OP
RI-NSOSSP483921,RI-VQTPSP696840,265297126,H18.30.002.10x.SC,SL-KFFCKO489066,DO-KFFC4890,H18.30.002.CX.51,H18.30.002,197,198,120,8218,528,-0.5,35,-12,cerebral aqueduct,Aq
RI-CWYWDB825600,RI-OGIGKI180784,265297126,H18.30.002.10x.IO,SL-KFFCFM489091,DO-KFFC4890,H18.30.002.CX.52,H18.30.002,188,199,40,11061.5,678,4,34.5,-52,tegmentum of medulla oblongata,MoTg
RI-ACFZDB762449,RI-PIKJJL695168,265297126,H19.30.002.10x.A46,SL-RLQJII866689,DO-RLQJ8666,H19.30.002.CX.43,H19.30.002,96,299,240,14400,158,50,-15.5,48,middle frontal gyrus,MFG
RI-WXTTQU741380,RI-BFCBAD300560,265297126,H19.30.002.CX49.MTC,SL-RLQJQV866644,DO-RLQJ8666,H19.30.002.CX.49,H19.30.002,53,232,119,28473.5,494,71.5,18,-12.5,middle temporal gyrus,MTG
RI-TNTNST232557,RI-EJJBJD167960,265297126,H19.30.002.10x.LG,SL-RLQJHH866663,DO-RLQJ8666,H19.30.002.CX.51,H19.30.002,148,211,128,21358,361,24,28.5,-8,white matter of forebrain,FWM
RI-NJIKHQ264635,RI-HEEAIJ809354,265297126,H19.30.001.10x.ANC,SL-HBBUDD135255,DO-HBBU1352,H19.30.001.CX.47,H19.30.001,170,256,177,46195.5,1093,13,6,16.5,white matter of forebrain,FWM
RI-NPTKKK994042,RI-FEGGZY655171,265297126,H19.30.001.10x.LP,SL-HBBUTY135243,DO-HBBU1352,H19.30.001.CX.50,H19.30.001,164,203,173,18259,345,16,32.5,14.5,body of lateral ventricle,bLV
RI-VURPNR246128,RI-SWRVYX981490,265297126,H19.30.001.10x.SC,SL-HBBULN135262,DO-HBBU1352,H19.30.001.CX.51,H19.30.001,201,205,124,25519.5,463,-2.5,31.5,-10,midbrain tegmentum,MTg
RI-YUVCUU232797,RI-EHHIGH692799,265297126,H19.30.001.10x.A29-A30,SL-HBBUTT135271,DO-HBBU1352,H19.30.001.CX.52,H19.30.001,170,172,184,23677.5,379,13,48,20,white matter of forebrain,FWM
RI-EIDHDH688846,RI-XZCXFB154567,265297126,H18.30.002.10x.LEC,SL-KFFCYT489056,DO-KFFC4890,H18.30.002.CX.47,H18.30.002,164,264,98,6559,401,16,2,-23,amygdaloid complex,AMY
RI-SMOSUR547441,RI-PRVVOO211627,265297126,H18.30.002.10x.A1C,SL-KFFCZT489026,DO-KFFC4890,H18.30.002.CX.49,H18.30.002,114,204,156,1898,116,41,32,6,white matter of forebrain,FWM
RI-FJHFFH565843,RI-SPSXTV625600,265297126,H19.30.002.10x.CaB,SL-RLQJWR866652,DO-RLQJ8666,H19.30.002.CX.46,H19.30.002,164,271,181,11489.5,191,16,-1.5,18.5,body of caudate,CaB
RI-FJHFFH565843,RI-CAHZGB657902,265297126,H19.30.002.CX46.CaH,SL-RLQJWR866652,DO-RLQJ8666,H19.30.002.CX.46,H19.30.002,164,271,178,26874,447,16,-1.5,17,body of caudate,CaB
RI-BFBIJD150332,RI-EGJBFC749529,265297126,H19.30.002.CX47.CaB,SL-RLQJDG866647,DO-RLQJ8666,H19.30.002.CX.47,H19.30.002,164,260,196,8167.5,153,16,4,26,anterior horn of lateral ventricle,aLV
RI-GDCYCG580240,RI-VTUVXV992956,265297126,H19.30.002.10x.Pu,SL-RLQJNI866689,DO-RLQJ8666,H19.30.002.CX.48,H19.30.002,151,232,162,22089.5,421,22.5,18,9,white matter of forebrain,FWM
RI-FKEHJE440937,RI-HFIFGF559498,265297126,H19.30.002.10x.MEC.005,SL-RLQJQV866644,DO-RLQJ8666,H19.30.002.CX.49,H19.30.002,164,227,92,15905.5,276,16,20.5,-26,outside_brain,OUT
RI-WTXXBW460140,RI-QPVSRX885600,265297126,H19.30.002.10x.RN,SL-RLQJWW866674,DO-RLQJ8666,H19.30.002.CX.50,H19.30.002,188,227,100,16921.5,306,4,20.5,-22,basilar part of pons,PnBa
RI-EDFJID582348,RI-WWWWUD457074,265297126,H19.30.002.CX58.V1C,SL-RLQJGG866632,DO-RLQJ8666,H19.30.002.CX.58,H19.30.002,164,114,149,8987.5,101,16,77,2.5,white matter of forebrain,FWM
RI-KKOLNL416842,RI-OQKNMN245372,265297126,H19.30.002.CB61.CBV,SL-RLQJBB866653,DO-RLQJ8666,H19.30.002.CB.61,H19.30.002,188,137,88,17741.5,224,4,65.5,-28,white matter of hindbrain,HWM
RI-MPOOPN562365,RI-KMQILM507320,265297126,H19.30.002.CB63.CBL,SL-RLQJVY866691,DO-RLQJ8666,H19.30.002.CB.63,H19.30.002,115,119,76,16924,176,40.5,74.5,-34,white matter of hindbrain,HWM
RI-ZZXBFX719443,RI-CDBDFF281763,265297126,H19.30.001.10x.LEC.001,SL-HBBUDD135255,DO-HBBU1352,H19.30.001.CX.47,H19.30.001,164,260,92,2058.5,48,16,4,-26,anterior parahippocampal gyrus,APH
RI-POOMON871011,RI-ONJLJI146178,265297126,H19.30.001.10x.MEC.004,SL-HBBUWX135273,DO-HBBU1352,H19.30.001.CX.48,H19.30.001,164,243,97,43172,719,16,12.5,-23.5,head of hippocampus,HiH
RI-POOMON871011,RI-CGBIEG326664,265297126,H19.30.001.CX48.MEC,SL-HBBUWX135273,DO-HBBU1352,H19.30.001.CX.48,H19.30.001,164,244,93,6072,101,16,12,-25.5,anterior parahippocampal gyrus,APH
RI-XUZZSX790548,RI-HJELEG599356,265297126,H19.30.001.10x.A5-A7,SL-HBBUTM135257,DO-HBBU1352,H19.30.001.CX.53,H19.30.001,189,125,254,24299,360,3.5,71.5,55,precuneus,PrCun
RI-XUZZSX790548,RI-KLKNFF261539,265297126,H19.30.001.CX53.A7,SL-HBBUTM135257,DO-HBBU1352,H19.30.001.CX.53,H19.30.001,189,125,256,50343,745,3.5,71.5,56,precuneus,PrCun
RI-JKIKMP568602,RI-RSOMSL572243,265297126,H19.30.001.CB60.CBV,SL-HBBUVS135242,DO-HBBU1352,H19.30.001.CB.60,H19.30.001,165,156,83,21798,285,15.5,56,-30.5,cerebellar deep nuclei,CbDN
RI-SRTUTP832274,RI-QQPUXS973221,265297126,H19.30.001.10x.CaB,SL-HBBUPU135265,DO-HBBU1352,H19.30.001.CX.45,H19.30.001,164,297,179,67218,1281,16,-14.5,17.5,head of caudate,CaH
RI-SRTUTP832274,RI-DGZDAH995721,265297126,H19.30.001.CX45.CaH,SL-HBBUPU135265,DO-HBBU1352,H19.30.001.CX.45,H19.30.001,164,294,183,48746,929,16,-13,19.5,head of caudate,CaH
RI-QXVPST186746,RI-AXDZVW709353,265297126,H19.30.002.CX48.Idg,SL-RLQJNI866689,DO-RLQJ8666,H19.30.002.CX.48,H19.30.002,114,249,158,8909,169,41,9.5,7,long insular gyri,LIG
RI-MQLQUM452125,RI-JLJIEJ401340,265297126,H18.30.002.10x.A44-A45,SL-KFFCUB489027,DO-KFFC4890,H18.30.002.CX.45,H18.30.002,71,294,184,2974,181,62.5,-13,20,outside_brain,OUT
RI-WXUQTV967242,RI-XAWZSZ801572,265297126,H18.30.002.10x.A25,SL-KFFCNK489015,DO-KFFC4890,H18.30.002.CX.46,H18.30.002,197,276,128,3616,216,-0.5,-4,-8,white matter of forebrain,FWM
RI-YXZXFX149393,RI-AWWRSV261057,265297126,H18.30.002.10x.A35r,SL-KFFCMT489071,DO-KFFC4890,H18.30.002.CX.48,H18.30.002,136,249,84,18711,1141,30,9.5,-30,anterior parahippocampal gyrus,APH
RI-XGEFXB187847,RI-BEFZHB823782,265297126,H18.30.002.10x.CM,SL-KFFCZT489026,DO-KFFC4890,H18.30.002.CX.49,H18.30.002,164,226,135,4772,291,16,21,-4.5,zona incerta,ZI
RI-FGDYYY776695,RI-NIKIHM353971,265297126,H19.30.002.10x.CMN,SL-RLQJNI866689,DO-RLQJ8666,H19.30.002.CX.48,H19.30.002,164,249,114,29837.5,568,16,9.5,-15,head of hippocampus,HiH
RI-DZEBAC571192,RI-AYBBYY777865,265297126,H19.30.002.CX49.ITC,SL-RLQJQV866644,DO-RLQJ8666,H19.30.002.CX.49,H19.30.002,91,253,54,45129,783,52.5,7.5,-45,inferior temporal gyrus,ITG
RI-HBEEBB278070,RI-GAGDBC360646,265297126,H19.30.002.10x.DG-CA4,SL-RLQJWW866674,DO-RLQJ8666,H19.30.002.CX.50,H19.30.002,139,230,104,8950.5,162,28.5,19,-20,head of hippocampus,HiH
RI-LGNIGM663031,RI-UZAWRA736623,265297126,H19.30.002.10x.Rostral CA1-CA3,SL-RLQJHH866663,DO-RLQJ8666,H19.30.002.CX.51,H19.30.002,139,218,97,22758,385,28.5,25,-23.5,posterior parahippocampal gyrus,PPH
RI-MIIDDF405915,RI-RNRNPO507270,265297126,H19.30.001.10x.HTHpo-HTHso,SL-HBBUDD135255,DO-HBBU1352,H19.30.001.CX.47,H19.30.001,201,261,136,15009.5,355,-2.5,3.5,-4,third ventricle,3V
RI-KLHDGF646440,RI-TPLOPM678975,265297126,H19.30.001.10x.GPe,SL-HBBUWX135273,DO-HBBU1352,H19.30.001.CX.48,H19.30.001,151,231,144,15620,260,22.5,18.5,0,white matter of forebrain,FWM
RI-KDHFCH824774,RI-EAEHZE947439,265297126,H19.30.001.10x.MD,SL-HBBUCZ135225,DO-HBBU1352,H19.30.001.CX.49,H19.30.001,164,225,161,1327,20,16,21.5,8.5,lateral posterior nucleus of thalamus,LP
RI-XBGBEX492203,RI-LHLEHL386987,265297126,H19.30.001.10x.MG,SL-HBBUTY135243,DO-HBBU1352,H19.30.001.CX.50,H19.30.001,164,226,132,14352,271,16,21,-6,zona incerta,ZI
RI-BVWWVV230875,RI-IFFJKH258367,265297126,H19.30.001.10x.FI,SL-HBBUVP135290,DO-HBBU1352,H19.30.001.CX.46,H19.30.001,127,281,124,14785.5,187,34.5,-6.5,-10,white matter of forebrain,FWM
RI-EDFGIC121784,RI-NQLQSM722368,265297126,H18.30.002.10x.A24,SL-KFFCUB489027,DO-KFFC4890,H18.30.002.CX.45,H18.30.002,201,272,216,2723.5,165,-2.5,-2,36,"cingulate gyrus, rostral (anterior) part",CgGr
RI-RPPRQS965705,RI-IHGOFJ464963,265297126,H18.30.002.10x.BN.001,SL-KFFCNK489015,DO-KFFC4890,H18.30.002.CX.46,H18.30.002,188,272,138,16662.5,996,4,-2,-3,bed nucleus of stria terminalis,BNST
RI-PTSWTX441547,RI-TXTQWU755862,265297126,H18.30.002.10x.LP-VPL,SL-KFFCZT489026,DO-KFFC4890,H18.30.002.CX.49,H18.30.002,139,218,149,12054,736,28.5,25,2.5,white matter of forebrain,FWM
RI-PTLPMU215265,RI-GGGDCC358828,265297126,H18.30.002.10x.TF,SL-KFFCPR489021,DO-KFFC4890,H18.30.002.CX.50,H18.30.002,139,213,89,6125.5,374,28.5,27.5,-27.5,posterior parahippocampal gyrus,PPH
RI-UVNMSN363622,RI-KSMLKK607031,265297126,H19.30.002.CX47.BF,SL-RLQJDG866647,DO-RLQJ8666,H19.30.002.CX.47,H19.30.002,165,265,118,7140.5,133,15.5,1.5,-13,basal forebrain,BF
RI-WZZDVE986539,RI-FYXBYF843541,265297126,H19.30.002.10x.ANC,SL-RLQJNI866689,DO-RLQJ8666,H19.30.002.CX.48,H19.30.002,165,243,172,31757.5,605,15.5,12.5,14,ventral anterior nucleus of thalamus,VA
RI-WVWWAR394411,RI-FGIBAB872430,265297126,H19.30.002.10x.GPi.003,SL-RLQJQV866644,DO-RLQJ8666,H19.30.002.CX.49,H19.30.002,139,221,135,9003.5,156,28.5,23.5,-4.5,white matter of forebrain,FWM
RI-GZABDZ557985,RI-WWURVR679449,265297126,H19.30.002.10x.SN.003,SL-RLQJWW866674,DO-RLQJ8666,H19.30.002.CX.50,H19.30.002,170,225,105,11109,201,13,21.5,-19.5,cerebral peduncle (crus cerebri),cpd
RI-AAFCXX832152,RI-URVRQS384556,265297126,H19.30.002.10x.VLN,SL-RLQJHH866663,DO-RLQJ8666,H19.30.002.CX.51,H19.30.002,148,203,157,13343.5,225,24,32.5,6.5,white matter of forebrain,FWM
RI-UWRYZW263709,RI-VUWYXU885423,265297126,H19.30.002.10x.TF,SL-RLQJLL866617,DO-RLQJ8666,H19.30.002.CX.52,H19.30.002,121,214,80,3715,69,37.5,27,-32,outside_brain,OUT
RI-YUXYAZ378241,RI-VTTAWX572200,265297126,H19.30.001.10x.BM,SL-HBBUDD135255,DO-HBBU1352,H19.30.001.CX.47,H19.30.001,164,252,109,9086,215,16,8,-17.5,amygdalohippocampal area,AHA
RI-NPSSUT767844,RI-LLRTRP403894,265297126,H19.30.001.10x.GPi,SL-HBBUWX135273,DO-HBBU1352,H19.30.001.CX.48,H19.30.001,151,234,140,13479.5,224,22.5,17,-2,white matter of forebrain,FWM
RI-MLMNMJ947811,RI-CXGXGB161145,265297126,H19.30.001.10x.A1C.003,SL-HBBUCZ135225,DO-HBBU1352,H19.30.001.CX.49,H19.30.001,114,204,155,20255,316,41,32,5.5,white matter of forebrain,FWM
RI-ZWEDAD989582,RI-KKKKLK928778,265297126,H19.30.001.10x.PTR,SL-HBBUTY135243,DO-HBBU1352,H19.30.001.CX.50,H19.30.001,198,216,135,15603,295,-1,26,-4.5,cerebral aqueduct,Aq
RI-INEJII502376,RI-SRTUPQ786852,265297126,H19.30.001.10x.AON,SL-HBBUVP135290,DO-HBBU1352,H19.30.001.CX.46,H19.30.001,164,260,124,23417.5,297,16,4,-10,white matter of forebrain,FWM
RI-HCBDZC408147,RI-QNORPT627055,265297126,H18.30.002.10x.BN.002,SL-KFFCNK489015,DO-KFFC4890,H18.30.002.CX.46,H18.30.002,151,276,149,30605.5,1830,22.5,-4,2.5,putamen,Pu
RI-DYAYFX370678,RI-RRRSNO397761,265297126,H18.30.002.10x.A35-A36,SL-KFFCZT489026,DO-KFFC4890,H18.30.002.CX.49,H18.30.002,114,226,75,1996,122,41,21,-34.5,perirhinal gyrus ( rostral part of FuGt),PRG
RI-QSZRUR996622,RI-XXTCYY981857,265297126,H18.30.002.10x.LG.002,SL-KFFCPR489021,DO-KFFC4890,H18.30.002.CX.50,H18.30.002,151,203,120,6245,382,22.5,32.5,-12,white matter of forebrain,FWM
RI-YZQVQR277852,RI-XZVYXV804795,265297126,H19.30.002.10x.SI,SL-RLQJDG866647,DO-RLQJ8666,H19.30.002.CX.47,H19.30.002,171,261,141,17225,322,12.5,3.5,-1.5,white matter of forebrain,FWM
RI-TOPXSQ993942,RI-AEACZY984722,265297126,H19.30.002.10x.Cla,SL-RLQJNI866689,DO-RLQJ8666,H19.30.002.CX.48,H19.30.002,139,241,136,13669,260,28.5,13.5,-4,putamen,Pu
RI-XBCAFB216473,RI-EDFDJF268346,265297126,H19.30.002.10x.A35-A36,SL-RLQJQV866644,DO-RLQJ8666,H19.30.002.CX.49,H19.30.002,139,241,79,50352,874,28.5,13.5,-32.5,anterior parahippocampal gyrus,APH
RI-XTRTUV988509,RI-KIKGHM356100,265297126,H19.30.002.10x.CM-Pf,SL-RLQJWW866674,DO-RLQJ8666,H19.30.002.CX.50,H19.30.002,164,226,134,25929.5,469,16,21,-5,zona incerta,ZI
RI-ONLNLO422589,RI-UTQQNP736071,265297126,H19.30.002.10x.PAG-DR,SL-RLQJHH866663,DO-RLQJ8666,H19.30.002.CX.51,H19.30.002,201,222,118,18106.5,306,-2.5,23,-13,red nucleus,RN
RI-SQRPXQ758487,RI-BYZCAU330454,265297126,H19.30.002.10x.TH-TL,SL-RLQJLL866617,DO-RLQJ8666,H19.30.002.CX.52,H19.30.002,151,203,98,4173,77,22.5,32.5,-23,outside_brain,OUT
RI-SQRPXQ758487,RI-GFCBJG606580,265297126,H19.30.002.CX52.PPHC,SL-RLQJLL866617,DO-RLQJ8666,H19.30.002.CX.52,H19.30.002,151,203,104,14231.5,264,22.5,32.5,-20,posterior parahippocampal gyrus,PPH
RI-NGNIGO731073,RI-GIHOKP515898,265297126,H19.30.001.10x.CEN,SL-HBBUDD135255,DO-HBBU1352,H19.30.001.CX.47,H19.30.001,151,253,120,12165,288,22.5,7.5,-12,medial nucleus,Me
RI-YCBUVV442956,RI-HLFGII748283,265297126,H19.30.001.10x.VLN,SL-HBBUWX135273,DO-HBBU1352,H19.30.001.CX.48,H19.30.001,161,225,173,2115,35,17.5,21.5,14.5,ventral lateral nucleus of thalamus,VL
RI-YVADAX986253,RI-OLOUNM617875,265297126,H19.30.001.10x.ETH,SL-HBBUTY135243,DO-HBBU1352,H19.30.001.CX.50,H19.30.001,212,214,140,8966.5,169,-8,27,-2,pretectal region,PTR
RI-FCYADC905422,RI-ADVAWX519215,265297126,H19.30.001.10x.SI,SL-HBBUVP135290,DO-HBBU1352,H19.30.001.CX.46,H19.30.001,176,263,134,3765,47,10,2.5,-5,white matter of forebrain,FWM
RI-AAEYDE808569,RI-TQXQQV294959,265297126,H18.30.002.10x.MTG,SL-KFFCZT489026,DO-KFFC4890,H18.30.002.CX.49,H18.30.002,65,221,95,4999.5,305,65.5,23.5,-24.5,middle temporal gyrus,MTG
RI-IIHMLL979553,RI-MIHHHK631232,265297126,H18.30.002.10x.Pro,SL-KFFCCX489028,DO-KFFC4890,H18.30.002.CX.53,H18.30.002,164,159,160,14076,920,16,54.5,8,precuneus,PrCun
RI-OJJLFH467043,RI-AHDACD450605,265297126,H19.30.002.10x.Pro.001,SL-RLQJWV866671,DO-RLQJ8666,H19.30.002.CX.56,H19.30.002,148,150,145,75250.5,975,24,59,0.5,white matter of forebrain,FWM
RI-OJJLFH467043,RI-OKQKKM498999,265297126,H19.30.002.CX56.Pro,SL-RLQJWV866671,DO-RLQJ8666,H19.30.002.CX.56,H19.30.002,148,150,142,16554.5,214,24,59,-1,white matter of forebrain,FWM
RI-YXXUBT254845,RI-PPNMNJ308134,265297126,H19.30.001.10x.Ig,SL-HBBUCZ135225,DO-HBBU1352,H19.30.001.CX.49,H19.30.001,136,207,169,36394.5,568,30,30.5,12.5,white matter of forebrain,FWM
RI-YXXUBT254845,RI-BECYYZ401152,265297126,H19.30.001.CX49.Ig,SL-HBBUCZ135225,DO-HBBU1352,H19.30.001.CX.49,H19.30.001,136,207,168,28230.5,441,30,30.5,12,white matter of forebrain,FWM
RI-FFWYWA968860,RI-RPNQRW947713,265297126,H19.30.001.CX51.HIPc,SL-HBBULN135262,DO-HBBU1352,H19.30.001.CX.51,H19.30.001,139,196,122,34316,623,28.5,36,-11,white matter of forebrain,FWM
RI-WQPSXS871769,RI-EHFHGI219858,265297126,H19.30.001.10x.Pro,SL-HBBUTM135257,DO-HBBU1352,H19.30.001.CX.53,H19.30.001,163,165,163,36583,541,16.5,51.5,9.5,"cingulate gyrus, caudal (posterior) part",CgGc
RI-WQPSXS871769,RI-LNQQLJ102734,265297126,H19.30.001.CX53.Pro,SL-HBBUTM135257,DO-HBBU1352,H19.30.001.CX.53,H19.30.001,163,165,153,17124.5,253,16.5,51.5,4.5,"cingulate gyrus, caudal (posterior) part",CgGc
RI-JFHNOK860813,RI-STYTWW569545,265297126,H18.30.002.10x.A46,SL-HBBUSS135270,DO-HBBU1352,H19.30.001.CX.43,H19.30.001,114,314,247,191790,3712,41,-23,51.5,middle frontal gyrus,MFG
RI-JFHNOK860813,RI-VVRQSR216359,265297126,H19.30.001.CX43.A46,SL-HBBUSS135270,DO-HBBU1352,H19.30.001.CX.43,H19.30.001,114,314,248,21234,411,41,-23,52,middle frontal gyrus,MFG
RI-TZTUVW649810,RI-RLRSJN979845,265297126,H19.30.001.CX45.A25,SL-HBBUPU135265,DO-HBBU1352,H19.30.001.CX.45,H19.30.001,197,298,142,41664,794,-0.5,-15,-1,subcallosal gyrus (parolfactory gyrus),SCG
RI-YVACZX756853,RI-OQNOPN489825,265297126,H19.30.001.CX46.CaB,SL-HBBUVP135290,DO-HBBU1352,H19.30.001.CX.46,H19.30.001,164,271,184,25802,327,16,-1.5,20,body of caudate,CaB
